variant,kernel,samples,duration_us,memory_throughput_pct,dram_throughput_pct,l1_tex_throughput_pct,l2_throughput_pct,compute_sm_throughput_pct,achieved_occupancy_pct,theoretical_occupancy_pct,registers_per_thread,waves_per_sm
hetero,appendTokensKernel,4,5.8475,16.5525,16.5525,10.9050,9.5600,40.8900,79.5350,100.0000,26.0000,2.1000
hetero,gatherKernel,2,278.5900,49.1300,23.5000,49.3850,11.8150,74.1500,89.4900,100.0000,28.0000,134.1000
hetero,attentionScoresKernel,1,902.2100,59.5300,2.2000,69.4700,1.2100,59.5300,50.9800,100.0000,26.0000,0.5200
hetero,attentionOutputKernel,1,71.6200,28.1900,28.1900,17.7400,11.9600,19.8200,15.1700,100.0000,39.0000,0.5200
hetero,promotionKernel,4,53.9200,78.0025,78.0025,81.5050,67.4425,33.7400,85.3800,100.0000,24.0000,16.7600
fixed_8,appendTokensKernel,4,5.8250,14.9450,14.9450,10.9150,9.6300,40.4700,79.5725,100.0000,26.0000,2.1000
fixed_8,gatherKernel,2,796.7400,85.7400,8.8100,85.9850,4.3600,85.7400,94.8850,100.0000,28.0000,134.1000
fixed_8,attentionScoresKernel,1,902.9400,59.3800,2.1500,69.6000,1.2000,59.3800,51.0300,100.0000,26.0000,0.5200
fixed_8,attentionOutputKernel,1,71.8700,28.2600,28.2600,17.8000,11.9100,19.6500,15.2000,100.0000,39.0000,0.5200
